Class,Class_Name,Precision,Recall,F1,Support
0,Oxidoreductases,0.9733155436957972,0.9726666666666667,0.9729909969989997,4500
1,Transferases,0.9676411515286766,0.9635555555555556,0.9655940318450061,4500
2,Hydrolases,0.9619300575475874,0.9657777777777777,0.9638500776225327,4500
3,Lyases,0.9545305855413805,0.9630363036303631,0.9587645802529982,3030
4,Isomerases,0.9635036496350365,0.9560269011898603,0.9597507141002337,1933
5,Ligases,0.9927414852037968,0.9880522367324257,0.9903913104024509,3599
6,Translocases,0.9824753559693319,0.9873417721518988,0.9849025528410651,1817
