Class,Class_Name,Precision,Recall,F1,Support
0,Oxidoreductases,0.9699646643109541,0.976,0.972972972972973,4500
1,Transferases,0.9738973897389739,0.9617777777777777,0.9677996422182469,4500
2,Hydrolases,0.9576847182635387,0.9706666666666667,0.9641319942611191,4500
3,Lyases,0.956392467789891,0.9554455445544554,0.9559187716691432,3030
4,Isomerases,0.9585519412381952,0.9451629591308847,0.9518103672831466,1933
5,Ligases,0.99302649930265,0.9888888888888889,0.9909533750869868,3600
6,Translocases,0.9808533916849015,0.9873348017621145,0.9840834248079035,1816
